Type_2,average total
Water,417.2
Fighting,404.36
Rock,437.8048780487805
Ground,421.0
Electric,420.69444444444446
Ice,427.0869565217391
Grass,409.56060606060606
Normal,392.16129032258067
Steel,464.90909090909093
Dragon,501.9583333333333
Psychic,442.48936170212767
Flying,453.3333333333333
Bug,365.12698412698415
Ghost,423.6521739130435
Dark,434.75
Fire,443.02127659574467
Poison,399.14285714285717
Fairy,413.1764705882353
